centroidid,Unnamed: 0,longitude,latitude,distance,Facility type,Ownership
MW000001,0,34.1473268032,-10.3201577835999,5.776594083914482,Health Centre,MoH
MW000002,1,33.5146448129,-11.4813791092,4.125477642938519,Health Centre,MoH
MW000003,2,33.3242396405999,-13.4810144795,7.712147831221516,Health Centre,MoH
MW000004,3,35.4518944009999,-15.5606967118,6.776399221949892,Health Centre,FBO
MW000005,4,33.6459185362,-14.011046658,3.783014788758627,Health Centre,MoH
MW000006,5,34.578553724,-14.533803326499902,6.108985550126804,Health Centre,FBO
MW000007,6,33.9174531884,-9.93555761815,2.250907799206863,District Hospital,MoH
MW000008,7,34.990817931,-15.819596819199901,0.8117185811677113,Health Centre,MoH
MW000009,8,35.2981280484999,-14.3846425851,4.138347518444371,Mission Hospital,FBO
MW000010,9,35.1585709578,-15.2104321632,5.631546312838737,Health Centre,MoH
MW000011,10,33.7674784256999,-13.868776015,2.3443552106104177,Health Centre,FBO
MW000012,11,35.3845628484,-15.7027278714,6.09350262915061,Health Centre,MoH
MW000013,12,35.096173474299995,-15.973490868499999,6.341761856065845,Health Centre,MoH
MW000014,13,34.9078182678,-15.72875289,5.893897602655609,Health Centre,MoH
MW000015,14,33.7297733038999,-14.005781313,0.8467781126109486,Health Centre,MoH
MW000016,15,35.7368023298,-15.842157900899998,2.3553093293392124,Health Centre,MoH
MW000017,16,35.1273870196,-13.9536916680999,1.8089155170267903,Health Centre,FBO
MW000018,17,33.0091574448,-13.3525684416,7.003415709748432,Health Centre,MoH
MW000019,18,35.062258243,-15.8473760192,3.2549486826901566,Health Centre,MoH
MW000020,19,35.5836106873,-14.856849320699999,1.267196267047099,Health Centre,MoH
MW000021,20,33.7607494311999,-13.925133638699998,2.7819235459587,Health Centre,MoH
MW000022,21,35.0367747028,-15.8169542599999,0.6781264611041556,Health Centre,FBO
MW000023,22,34.8370949218999,-16.0976411719999,3.3976639777261988,Health Post/Dispensary,MoH
MW000024,23,35.3906382099999,-14.8176310592,7.085516413880494,Health Post/Dispensary,MoH
MW000025,24,34.6118788229999,-14.7977485943,3.477154415627212,Health Post/Dispensary,FBO
MW000026,25,33.8235567087999,-14.3507089030999,9.22626434684353,Health Centre,FBO
MW000027,26,34.9017458229999,-15.250311751199998,2.89430955889035,Health Centre,FBO
MW000028,27,34.1609102680999,-12.447516433499999,5.831084652519832,Health Centre,MoH
MW000029,28,35.330732001,-16.0443581926,5.266641905717091,Health Centre,MoH
MW000030,29,33.5960120523999,-14.1621152783,4.750987824777043,Health Centre,FBO
MW000031,30,35.2924705658999,-15.365447403699902,2.6034210626726413,Health Post/Dispensary,MoH
MW000032,31,34.9985996369,-15.769931458,1.838389116419804,Health Centre,MoH
MW000033,32,35.069906807399995,-15.819459178199999,1.1889892905949102,Health Post/Dispensary,MoH
MW000034,33,34.8820508272999,-14.1197515269,4.369597519817266,Health Centre,FBO
MW000035,34,35.2899220981,-15.8363036223999,2.1641257461670613,Health Centre,MoH
MW000036,35,35.0553511271,-15.8108261773999,0.9037449520483937,Health Post/Dispensary,MoH
MW000037,36,34.5601693882,-13.8367249824,1.1180178855539393,Health Centre,MoH
MW000038,37,33.6118754980999,-9.683445141939998,10.00924288336312,Health Centre,MoH
MW000039,38,35.182841678,-16.335421392,1.9080436168096317,Health Post/Dispensary,MoH
MW000040,39,33.3678375671999,-9.75447040978,9.764933917533279,Rural Hospital,FBO
MW000041,40,34.0333236995999,-13.6983610918,7.194805947140659,Health Centre,MoH
MW000042,41,35.1609853009999,-15.8824085153,3.2259201819925454,Health Centre,MoH
MW000043,42,34.2770363919999,-12.9361467075,1.8470185745318088,District Hospital,MoH
MW000044,43,35.3976055896999,-16.1061850556,4.386594871264061,Health Centre,FBO
MW000045,44,33.9742078792,-12.4006057271,9.061499712682666,Health Post/Dispensary,MoH
MW000046,45,34.8605467999,-16.5465272341999,9.33443511653556,Health Centre,FBO
MW000047,46,35.0072319264999,-16.052840192799998,4.044635971841115,Health Centre,MoH
MW000048,47,33.3454314502,-12.1325437201999,8.010653087405913,Health Centre,FBO
MW000049,48,34.1788918455999,-13.6169174197,3.931758283898758,Health Centre,MoH
MW000050,49,33.5850228827999,-11.8961834088,0.22487255665888117,District Hospital,MoH
MW000051,50,34.982585726399996,-15.8293633445,2.092359666500537,Health Centre,MoH
MW000052,51,35.7395349686999,-15.7728353474999,2.5648975850357205,Health Centre,FBO
MW000053,52,34.0181792503,-11.4607593316,0.35384666011913346,Health Centre,MoH
MW000054,53,33.7943694945999,-9.95133685741999,2.4814184437588582,Health Centre,MoH
MW000055,54,33.7720157927999,-13.915782683900002,2.5927353071200336,Health Centre,MoH
MW000056,55,35.5102411343999,-14.9771406596,2.5708883895291783,Health Centre,FBO
MW000057,56,35.7122692275,-15.753419176700001,4.733437588929117,Health Centre,MoH
MW000058,57,33.796421328899996,-14.0294162053,2.4218164500682295,Health Centre,FBO
MW000059,58,33.7962334444,-11.1885140202,3.0939052851360334,Health Centre,MoH
MW000060,59,33.7988524761,-13.987032933,0.5212427097943654,Health Centre,MoH
MW000061,60,35.1900529342999,-15.5376284052,1.0347741079270192,Health Centre,MoH
MW000062,61,34.9547296638999,-14.985804641600001,0.5640786658663556,District Hospital,MoH
MW000063,62,34.9996862210999,-15.761911275799902,2.207388678846299,Health Centre,MoH
MW000064,63,35.5296869848,-15.5847995243999,5.881850422868775,Health Centre,MoH
MW000065,64,35.6300256489,-15.6588976232,4.925347327372534,Health Centre,MoH
MW000066,65,35.019845836,-15.730011299199901,3.7547991598025523,Health Centre,MoH
MW000067,66,35.3317226116,-15.9432260757,3.8107735493697366,Health Centre,MoH
MW000068,67,34.1044195672999,-11.2648845225999,5.11077985012155,Health Centre,MoH
MW000069,68,33.8677604051,-11.5446607245,7.260406274969778,Health Post/Dispensary,MoH
MW000070,69,35.0898063578,-15.8290695496,1.1560700335483642,Health Centre,MoH
MW000071,70,33.767417573,-13.9672098145,1.9613428666838064,Health Centre,FBO
MW000072,71,33.4347620038,-12.1799838961,6.554481842063403,Mission Hospital,FBO
MW000073,72,35.0509858835999,-15.7303437822,0.5618593959007885,Health Centre,MoH
MW000074,73,35.515359353,-15.7803044503999,1.702446604241034,Health Centre,MoH
MW000075,74,35.1401723927999,-14.3739591219,4.508194495950925,Health Centre,FBO
MW000076,75,34.3045776021999,-13.6435573508,4.742902064225155,Health Centre,FBO
MW000077,76,35.6231448998,-14.804436700899998,3.9321807080771976,Health Centre,FBO
MW000078,77,33.8148060165,-13.994324560599999,1.4324134321697715,Clinic,FBO
MW000079,78,34.8841660213999,-16.0313087078999,4.345453483540898,Health Centre,MoH
MW000080,79,35.085400241799995,-15.748041878499999,4.043145398717236,Health Centre,MoH
MW000081,80,35.0838484599999,-15.883740892999999,1.8351924887827447,Health Centre,MoH
MW000082,81,33.4460179837999,-11.757903138,8.801802572363979,Health Centre,MoH
MW000083,82,33.0301736197,-13.9390266398,5.420709276164393,Health Post/Dispensary,MoH
MW000084,83,34.713933397699996,-14.633092278800001,3.451134568061861,Health Centre,FBO
MW000085,84,33.8577877852999,-13.1933077597,5.277746253627118,Health Centre,MoH
MW000086,85,33.5620075791999,-12.7216883723999,6.554213454982572,Health Post/Dispensary,MoH
MW000087,86,34.154467742399994,-12.654246810999998,3.8879325110050402,Health Centre,FBO
MW000088,87,33.8147684635999,-13.7617292176999,1.4649424293132236,Health Centre,MoH
MW000089,88,33.7865532356999,-14.0395384515,1.4961651455823834,Health Centre,FBO
MW000090,89,33.7927606646,-14.011080795,2.2209354370451924,Health Centre,MoH
MW000091,90,34.3850135356,-15.8202128594,1.431938227688122,Health Centre,MoH
MW000092,91,35.4822322371,-15.404776264,4.767627894558922,Health Centre,MoH
MW000093,92,35.4383987837999,-15.351364633599902,2.8156747745064457,Health Centre,MoH
MW000094,93,35.0228949883999,-15.372192511500002,5.581726090686417,Health Centre,MoH
MW000095,94,34.5270916244,-14.045128223499999,5.243107733553505,Health Centre,FBO
MW000096,95,34.2944269609999,-13.051038426,4.434975165146064,Health Centre,FBO
MW000097,96,33.8477684833,-11.3309533377,5.974371122867563,Mission Hospital,FBO
MW000098,97,35.5985965415,-14.9601514667999,8.709211720852267,Health Centre,MoH
MW000099,98,34.5055704768999,-15.6255975521,3.8658704171633578,District Hospital,MoH
MW000100,99,35.6335060920999,-16.0121611898999,3.959584568521929,Health Centre,MoH
MW000101,100,35.3647662493999,-15.189365624,2.5333236720913073,Rural Hospital,FBO
MW000102,101,34.1341626585999,-10.7463073625,3.4501835250400283,Health Centre,MoH
MW000103,102,35.378569431399995,-14.895068099000001,10.744105431799943,Health Post/Dispensary,MoH
MW000104,103,35.6904944416999,-14.8185787580999,6.436144849367867,Health Centre,MoH
MW000105,104,34.3803876483,-13.750924295399999,1.3461749683508952,Health Centre,FBO
MW000106,105,34.0518159495999,-13.4255279127,6.42959113140558,Health Centre,MoH
MW000107,106,35.0042762743999,-14.907995143599999,5.325825753970737,Health Centre,MoH
MW000108,107,34.2783256685999,-12.8955796648,3.944599019028562,Mission Hospital,FBO
MW000109,108,35.0601183409999,-15.8495957842,3.5891395558823764,Health Centre,MoH
MW000110,109,35.0327079636999,-15.9903819098,0.131512754405861,Health Post/Dispensary,MoH
MW000111,110,34.2212541609999,-11.1299185897,2.085344209049345,Health Post/Dispensary,Local authority
MW000112,111,35.6004533334999,-16.0890545164,1.3136035261526315,Health Post/Dispensary,MoH
MW000113,112,33.661731596799996,-12.9516962376,5.1591877465251095,Health Centre,MoH
MW000114,113,35.6079399461999,-15.6916751363,7.329757945774909,Health Centre,MoH
MW000115,114,33.8288861772999,-13.937672573299999,3.4533887547382327,Health Post/Dispensary,MoH
MW000116,115,35.0407362985,-15.7642408292,0.4543245867328145,Health Centre,FBO
MW000117,116,33.8044619121,-14.0243055951,2.419006005184536,Clinic,FBO
MW000118,117,34.6640728679999,-14.5420788807,2.4656277098817028,Health Centre,MoH
MW000119,118,34.9219004261999,-16.4522994708,3.2414535456523694,Rural Hospital,MoH
MW000120,119,33.8442536398,-11.197134055799902,2.3150009105121336,Health Centre,MoH
MW000121,120,33.9039125127999,-9.71938673427,6.20089628447526,Rural Hospital,MoH
MW000122,121,33.7669058024999,-13.900315708799901,1.1545330403472611,Health Centre,MoH
MW000123,122,34.8921272967999,-16.4526624756,0.7542324426876436,Rural Hospital,MoH
MW000124,123,34.6109797226,-14.6233095121,1.6717626876564535,Health Centre,FBO
MW000125,124,35.0773886944,-15.7537482333,3.801787754289501,Health Centre,FBO
MW000126,125,35.223236573,-15.293433651699901,3.8704807186125745,Health Centre,FBO
MW000127,126,34.3341948564999,-13.2356932053,3.276928784383579,Health Centre,FBO
MW000128,127,33.7477424532999,-14.0099806079999,1.769268713555158,Health Centre,MoH
MW000129,128,35.4395803433,-15.9988346691,0.7510265845413368,Health Centre,MoH
MW000130,129,33.7978932941,-14.0369556399,1.634308042756362,Health Centre,FBO
MW000131,130,35.5827071769,-15.7331275923,4.113484839356092,Health Centre,MoH
MW000132,131,33.9818303381999,-14.2634222076,3.633162785454494,Health Post/Dispensary,MoH
MW000133,132,33.6011483507,-13.2692685344,7.307771694911597,Health Post/Dispensary,MoH
MW000134,133,33.8171480358,-14.0345917502,3.0662887214655137,Clinic,FBO
MW000135,134,33.8248060264999,-13.990089725399999,1.998918164393993,Clinic,FBO
MW000136,135,35.1984818448,-14.8479564442999,2.650557649866841,Health Post/Dispensary,MoH
MW000137,136,34.7962575636,-14.905573501099902,6.630024363623921,Rural Hospital,FBO
MW000138,137,33.4748418371,-13.844647379500001,3.9573951768746127,Rural Hospital,MoH
MW000139,138,33.7471202089,-14.296813973299999,6.121839568393817,Rural Hospital,MoH
MW000140,139,35.0918653323,-16.3123786123,2.8083904011731335,Health Centre,MoH
MW000141,140,33.742149841199996,-13.9470233476,2.3655231474347262,Clinic,FBO
MW000142,141,33.1728114046999,-13.307440933599999,0.9653656585967351,Health Centre,MoH
MW000143,142,35.0826465598999,-16.0031464584,5.634356759036709,Health Post/Dispensary,MoH
MW000144,143,33.7805861837,-14.0169741591,2.938179480599654,District Hospital,MoH
MW000145,144,33.7751715571999,-13.8974434775,0.5727895592791011,Health Centre,MoH
MW000146,145,33.745896747399996,-13.7933561725999,6.8510033110621436,Health Centre,MoH
MW000147,146,33.759600337399995,-13.8912012494,1.5503636778682066,Health Centre,MoH
MW000148,147,35.6781701936,-16.0715076223,4.035717517910575,Health Centre,MoH
MW000149,148,35.2348375724999,-14.173704468099999,7.1465598948585045,Health Centre,FBO
MW000150,149,34.9956265431,-15.794059244300001,2.6670379821190027,Health Centre,MoH
MW000151,150,35.1841560013,-15.687942066500002,1.0749886272764506,District Hospital,MoH
MW000152,151,33.903311485799996,-13.3156778372,5.337823861496664,District Hospital,MoH
MW000153,152,35.0236192387,-15.913624562,5.4165505559507405,Health Centre,MoH
MW000154,153,35.5187964480999,-14.7418214843,3.876166094015876,Health Post/Dispensary,MoH
MW000155,154,35.0392717814999,-15.7677510801,0.5692192026559717,Health Centre,FBO
MW000156,155,35.503658174,-14.968858196299902,2.9602911658458417,Health Centre,MoH
MW000157,156,35.0332864323,-15.7714804637,1.0267258176900673,Health Centre,MoH
MW000158,157,35.6762058272,-15.610780157,5.208864475111619,Health Centre,MoH
MW000159,158,34.4730282287,-13.7731876868,5.6786962400032355,District Hospital,MoH
MW000160,159,35.6937638118999,-14.5002847551999,4.207017162202949,Health Centre,MoH
MW000161,160,33.7361616572,-13.9632851464,0.7965421368521238,Clinic,FBO
MW000162,161,33.3209781552,-13.385659803699902,4.611205136142832,Health Centre,MoH
MW000163,162,35.027453581799996,-15.5021335316,3.026077771198933,Health Centre,MoH
MW000164,163,35.0046849781999,-15.8032226611,1.7226200275866552,Central Hospital,MoH
MW000165,164,33.7604833043999,-13.8770972821999,1.4567788881153272,Health Centre,FBO
MW000166,165,35.4709588293999,-16.0300388385999,1.246957372944837,Mission Hospital,FBO
MW000167,166,35.0568877955999,-15.7329333625,0.7194539211360493,Health Centre,MoH
MW000168,167,33.7776337776999,-13.9224171343,2.088556061699784,Health Centre,MoH
MW000169,168,33.3425489298999,-9.615413843439999,6.60466124977801,Rural Hospital,FBO
MW000170,169,34.3056769144999,-14.259021451099999,2.906558346688234,Health Centre,FBO
MW000171,170,34.304421876199996,-13.1642865845999,5.792362483767971,Health Centre,FBO
MW000172,171,34.9572983736999,-15.9883892891,4.978136528867888,Health Centre,MoH
MW000173,172,35.1301332470999,-14.938613173699999,8.786515716028275,Health Centre,MoH
MW000174,173,33.6987671625999,-14.0205683919999,1.308563983503121,Mission Hospital,FBO
MW000175,174,35.050773946999996,-15.772196105099999,0.9430572062994825,Health Centre,FBO
MW000176,175,35.2136528734,-16.0901452395,4.120672835701486,Health Centre,FBO
MW000177,176,35.0719710615,-15.8483575123,2.8627645206886267,Health Centre,MoH
MW000178,177,35.0398704313,-15.7774039604999,0.10328155319908894,Health Centre,MoH
MW000179,178,35.0774037071999,-15.8449538445999,2.3604666100980443,Health Centre,MoH
MW000180,179,35.8083162782999,-15.9395033423,4.7003800592024865,Health Centre,FBO
MW000181,180,34.6357114216,-15.4795465304,1.7565617951907186,Health Centre,MoH
MW000182,181,33.9897405249,-13.5469944542,7.610131932754521,Health Centre,MoH
MW000183,182,35.5142208142,-16.1117389025,3.730882838544744,Health Centre,MoH
MW000184,183,34.003439929,-11.4473232001,1.7437405141536382,Health Post/Dispensary,MoH
MW000185,184,35.3909892869999,-15.29523662,1.814553841515718,Rural Hospital,MoH
MW000186,185,35.0748222053,-15.3317182527,4.590677008915784,Health Centre,FBO
MW000187,186,35.0254777526999,-15.7158282068999,3.3603624365229208,Health Centre,MoH
MW000188,187,33.6319244735,-13.532955014,6.633042362065478,Health Centre,MoH
MW000189,188,35.2616385605,-14.491669401199902,1.126586089905188,District Hospital,MoH
MW000190,189,33.9978011601999,-14.0038395028,2.5669276590416086,Health Centre,MoH
MW000191,190,34.9890709867,-16.2082394221,13.4974753234632,Mission Hospital,FBO
MW000192,191,33.734882825,-13.9025338771,3.2252878778668026,Health Centre,FBO
MW000193,192,33.744511386599996,-13.9422399954,2.9131777205699705,Clinic,FBO
MW000194,193,34.9825754409,-14.981823669,2.4788060127044904,Health Centre,MoH
MW000195,194,35.0102811232,-15.822143888899902,1.3699512592293548,Health Centre,MoH
MW000196,195,35.0375455635999,-14.718962498800002,7.085274646093683,Health Centre,MoH
MW000197,196,34.7950810803,-16.3683698249999,10.201817447966231,Health Post/Dispensary,MoH
MW000198,197,35.2182192402,-15.031934556300001,3.4568040571041587,District Hospital,MoH
MW000199,198,35.448862338299996,-15.6263912871,5.03626420280615,Health Centre,MoH
MW000200,199,34.5622959861999,-15.5782381066,5.648760069796163,District Hospital,MoH
MW000201,200,34.0083297464,-10.8930809029,2.621539879178589,Health Centre,MoH
MW000202,201,33.6798680132,-14.0568899739,4.478737706529595,Mission Hospital,FBO
MW000203,202,33.760915099,-13.886840060299999,1.5322675408246451,Health Centre,MoH
MW000204,203,35.002174789499996,-15.7598339799,2.551968040429866,Health Centre,MoH
MW000205,204,33.2242158585999,-9.53582948575,5.319178750841517,Health Centre,MoH
MW000206,205,33.776906604299995,-13.8948754674,0.4243929303733676,Health Centre,MoH
MW000207,206,33.5232954238,-12.8240786272,5.656416976875965,Health Post/Dispensary,MoH
MW000208,207,33.5294920256,-11.6983759179,7.1897140802735295,Health Centre,MoH
MW000209,208,33.8032040749999,-14.025213323599901,2.5815889988180074,Clinic,FBO
MW000210,209,35.598999932199995,-14.9844919353999,8.932335939145458,Health Centre,MoH
MW000211,210,34.9935871568999,-14.362803165499999,16.478556173230466,Health Centre,FBO
MW000212,211,33.6395232567,-12.767557693499999,4.997306587630312,Health Centre,MoH
MW000213,212,34.5320573780999,-13.9131570992999,4.787557145190033,Health Centre,MoH
MW000214,213,35.110259404299995,-15.8126149354999,3.4241642498951412,Health Centre,MoH
MW000215,214,35.0029887470999,-14.2027692745,3.9877781886867734,Health Centre,FBO
MW000216,215,34.998539666599996,-15.6340555394,2.330908915204369,Mission Hospital,FBO
MW000217,216,34.523501664,-16.0159975,4.211269665111005,Health Centre,FBO
MW000218,217,35.4601265905999,-14.344786598399999,2.765917306212987,Health Centre,MoH
MW000219,218,35.0075844074999,-15.7460870352,3.947790020764291,Health Centre,MoH
MW000220,219,35.0245081902999,-15.738303172,3.4799918061626487,Health Centre,MoH
MW000221,220,34.028394618,-11.4381971277,1.4782031417024777,Mission Hospital,FBO
MW000222,221,34.1916656253999,-13.4887833729,6.8323295219429685,Health Centre,MoH
MW000223,222,33.973068095,-12.522539520399999,10.992772665420073,Health Centre,MoH
MW000224,223,33.9661095514999,-10.1433542074,8.239687050365644,Health Centre,MoH
MW000225,224,32.9420439563999,-13.826612188,6.500213985423808,District Hospital,MoH
MW000226,225,34.0968676647,-10.4278272984,2.9278816584416125,Health Centre,MoH
MW000227,226,33.0345436336999,-13.7471192024,3.9577369399616398,Health Centre,MoH
MW000228,227,35.1537241305999,-16.186990281,3.898395181436007,Health Centre,FBO
MW000229,228,33.4996124082,-14.0067634889,5.551978766648132,Health Centre,FBO
MW000230,229,33.7529241943,-13.8994950914,2.3974264312482907,Health Centre,MoH
MW000231,230,33.8588416025,-12.9123664279,4.0484471098420665,Health Centre,MoH
MW000232,231,34.0951424028,-13.744562251800001,3.6954545151079956,Health Centre,FBO
MW000233,232,34.116163377199996,-13.3640893397,5.006150462366863,Health Centre,MoH
MW000234,233,35.3123007379999,-16.004533318499902,1.4102608644731065,Health Centre,MoH
MW000235,234,34.877129246399996,-14.7773410492,3.3111828466109237,Health Centre,MoH
MW000236,235,33.6840346238,-12.3421030678,6.376567910699259,Health Centre,MoH
MW000237,236,35.2299808451,-16.9595962611,4.016302790401887,Health Centre,MoH
MW000238,237,34.9452762943,-15.867129678,1.4818559501539112,Health Centre,MoH
MW000239,238,33.7688029077,-14.2030804056,2.6815726141011926,Clinic,MoH
MW000240,239,33.7258340440999,-13.945276861500002,3.0584019125383457,Clinic,FBO
MW000241,240,34.2404217104,-12.8323684919,5.194993250743672,Health Post/Dispensary,MoH
MW000242,241,35.2249429399999,-17.1122785895,1.937582551204126,Health Centre,MoH
MW000243,242,34.9952548921,-15.765661796300002,1.5996772424069525,Health Centre,MoH
MW000244,243,34.1284240255999,-11.924309427999999,2.4388152230889117,Health Centre,MoH
MW000245,244,34.5397195725999,-13.8754333391,3.7939001249428004,Health Centre,MoH
MW000246,245,35.1393374242,-14.363146788699998,3.326997105246087,Health Centre,FBO
MW000247,246,33.7614836519,-10.9496724915999,3.781648740824699,Rural Hospital,MoH
MW000248,247,33.5211363649999,-13.6461561106,5.63389556182795,Health Centre,MoH
MW000249,248,34.9739480403,-15.7605768222999,1.4344453095574918,Health Centre,MoH
MW000250,249,34.0019201933999,-12.1176415453,8.080147274432976,Health Centre,MoH
MW000251,250,35.4789042457,-14.166708520699999,3.957825811400423,Health Centre,MoH
MW000252,251,35.0375148605999,-14.537710525,1.567787716908801,Health Centre,FBO
MW000253,252,33.2971050079,-13.954759945899902,6.6737323133043125,Mission Hospital,FBO
MW000254,253,35.5317514878,-15.5078412539,3.335281451350913,Health Centre,FBO
MW000255,254,35.0800827002999,-15.7790596691,3.892945555795272,Health Post/Dispensary,MoH
MW000256,255,33.9725901857,-13.738063948299999,5.441640987549456,Health Centre,MoH
MW000257,256,35.2479248543999,-15.4960649808,1.7171347881624546,Health Centre,MoH
MW000258,257,35.0876339869999,-15.825485863899901,0.7890286172568063,Health Centre,MoH
MW000259,258,35.3609741173999,-15.051349352899999,11.224456098923186,Health Post/Dispensary,MoH
MW000260,259,35.2887201659,-16.0648736041999,3.9776902813753012,Health Centre,MoH
MW000261,260,33.5536268512,-13.577136943399902,5.552241910865401,Health Centre,MoH
MW000262,261,35.0467298477,-15.837167606900001,2.8195479366075102,Health Centre,FBO
MW000263,262,35.0097545793,-15.765882578399902,3.086015338108444,Health Centre,MoH
MW000264,263,34.987914474899995,-15.812695466299902,1.251954287862515,Health Centre,MoH
MW000265,264,35.6930766743999,-14.6807432129,9.658777258081084,Health Centre,MoH
MW000266,265,34.9871087476999,-15.7465446516,2.8023348822255896,Health Centre,MoH
MW000267,266,35.0465400295,-15.832481786199999,2.418863652588217,Health Centre,FBO
MW000268,267,34.9274206457999,-16.029112293,5.593485020848633,Health Centre,MoH
MW000269,268,35.0610723495,-15.536906152,3.461638148663862,Health Centre,MoH
MW000270,269,33.8916082245999,-13.2361487742,3.76470126343093,Health Centre,MoH
MW000271,270,33.7878187525,-13.9949531750999,1.1583802652656885,Health Centre,MoH
MW000272,271,33.8827771655,-14.0565935091,3.8914034288012385,Health Centre,MoH
MW000273,272,33.549528293499996,-10.8300727721999,3.546332478212576,Rural Hospital,MoH
MW000274,273,33.726271980199996,-12.2378239844,6.215788304620486,Health Centre,MoH
MW000275,274,35.0380659137,-15.2236049231,5.828514214343632,Health Centre,FBO
MW000276,275,34.1476548409,-10.7337639008,1.5436522883190493,Health Centre,MoH
MW000277,276,33.8250129301,-13.7666528146,2.2229051396225663,Health Centre,MoH
MW000278,277,35.0782065025999,-15.8254734848,0.30310352664879475,Health Centre,MoH
MW000279,278,33.757731948,-9.86576432354,12.221795252966459,Health Centre,MoH
MW000280,279,33.4869237766,-11.9693389502999,6.1050387333424,Health Centre,MoH
MW000281,280,35.0711073865999,-16.145661283199903,2.541529404963013,Clinic,FBO
MW000282,281,35.6827219309,-15.7136605477,0.7027614656029321,Health Centre,MoH
MW000283,282,35.2260487734999,-16.0156287161,4.060803151629875,Clinic,MoH
MW000284,283,34.8308159640999,-15.734557761900001,7.520685567852469,Health Centre,MoH
MW000285,284,35.0358922659,-15.7667468152999,0.9106401242567722,Health Centre,FBO
MW000286,285,35.4396754222999,-14.781793818399999,8.70937227548192,Health Post/Dispensary,MoH
MW000287,286,35.0670792677999,-15.735796931900001,1.6583659765817886,Health Centre,MoH
MW000288,287,33.8238883587999,-14.0282496041,2.4473252473719582,Clinic,FBO
MW000289,288,35.3786267419,-14.5832103924,1.614831879065409,Health Centre,FBO
MW000290,289,34.945321815,-15.8986571502,1.6527057409466306,Health Centre,FBO
MW000291,290,33.8360562040999,-13.685634119300001,4.170532184923339,Clinic,MoH
MW000292,291,35.0448786819,-15.7675346344,0.14258604502541314,Health Centre,FBO
MW000293,292,32.9030478876,-13.7963096676999,1.8433751471892956,District Hospital,MoH
MW000294,293,35.5142257723,-15.9378558695,4.626027113526916,Health Centre,MoH
MW000295,294,34.7033597729,-15.3976916524,5.34892794376122,Rural Hospital,MoH
MW000296,295,33.4514570126,-13.0279730903,3.279535868037648,District Hospital,MoH
MW000297,296,33.9243812226999,-11.4424574695,3.6078577586841654,Health Post/Dispensary,MoH
MW000298,297,33.7326326359,-12.5563026298999,8.23746641659002,Health Centre,MoH
MW000299,298,34.2053626296999,-10.4654894288,4.714161023304002,Health Post/Dispensary,MoH
MW000300,299,34.0620292855999,-13.2645187812,1.9877256226002147,Health Post/Dispensary,MoH
MW000301,300,35.0296506186,-15.7656807467999,1.580056912202966,Health Centre,FBO
MW000302,301,35.0172968175999,-15.8185476534,1.4173844514254172,Health Centre,FBO
MW000303,302,34.0241351442,-11.526851303899901,7.21201380054652,Health Centre,MoH
MW000304,303,34.003050897899996,-11.4280492875,0.8242719199440158,Central Hospital,MoH
MW000305,304,33.8282385561999,-14.008479378299999,1.119966556944134,Clinic,FBO
MW000306,305,33.9646077294,-14.0041978633,1.3695900922521245,Health Centre,MoH
MW000307,306,35.0441574919999,-15.7714799594,0.5692685743312972,Health Centre,FBO
MW000308,307,34.2865028387999,-11.7067106167,3.6763364495477875,Health Centre,MoH
MW000309,308,35.0715092084,-15.7716337544,2.9655031306625754,Health Centre,FBO
MW000310,309,33.8180221329999,-14.0074784621,0.0651509588307935,Clinic,FBO
MW000311,310,34.9788197868999,-15.786025845699902,1.4407616581495097,Health Post/Dispensary,FBO
MW000312,311,33.7166175046,-10.9404737043,5.113563040393013,Rural Hospital,MoH
MW000313,312,33.4953942392999,-13.0826879122,5.399264757409486,District Hospital,MoH
MW000314,313,33.433663519,-13.730773476800001,2.6566736206142827,Health Centre,MoH
MW000315,314,33.5507076848999,-13.3413909347,2.9581212086911757,Health Centre,NGO
MW000316,315,35.3354907995,-14.4662093696,3.380233525754039,Health Centre,MoH
MW000317,316,33.6645542807,-13.865585630899998,6.920898186134995,Health Post/Dispensary,MoH
MW000318,317,34.4061479865,-13.7985716934,4.409642144794307,District Hospital,MoH
MW000319,318,35.4689210406,-15.953458170799902,6.027656007933505,Health Centre,MoH
MW000320,319,33.7181269458,-14.005738478,1.6827129938124272,Health Centre,MoH
MW000321,320,34.6381301711999,-14.8845466092999,5.7053684668179745,Health Centre,MoH
MW000322,321,35.5864319844,-14.385270305799999,2.104570351611543,Health Centre,MoH
MW000323,322,33.7884519878999,-11.063127973499999,4.417353092751336,Health Centre,MoH
MW000324,323,35.0645477978,-15.933848583900001,4.812774172233128,Health Centre,MoH
MW000325,324,34.0068258750999,-14.2017353568,4.378607996652949,Health Centre,MoH
MW000326,325,33.7489796485999,-14.366034465899999,8.013737782336827,Health Centre,MoH
MW000327,326,33.8101737466,-12.8814888771,5.959298742185202,Health Centre,MoH
MW000328,327,33.345878176199996,-13.787005088599999,2.716765704329855,Health Centre,MoH
MW000329,328,35.0556359217999,-16.1056502785,3.8670908459178097,Clinic,FBO
MW000330,329,33.7432182395999,-13.526040414,0.940240209925625,Rural Hospital,MoH
MW000331,330,34.9908113170999,-15.815704111099999,0.8343890622360987,Health Centre,MoH
MW000332,331,35.4264162711,-15.8634779905,8.121853872278242,Health Centre,MoH
MW000333,332,33.8098068796999,-14.0121087239,1.056781443415407,Clinic,FBO
MW000334,333,35.2649405526999,-15.9261817467999,6.358965102854841,Mission Hospital,FBO
MW000335,334,33.4290469359999,-13.0990258027,8.923255149076684,District Hospital,MoH
MW000336,335,33.6583537579,-11.692761487,8.462665407869308,Health Centre,FBO
MW000337,336,35.0380952116,-15.7772401373,0.2144401490756609,Health Centre,MoH
MW000338,337,34.029832612199996,-11.4797131344,2.0003750290486795,Health Centre,MoH
MW000339,338,33.7812755566,-13.2807158853999,2.1025958009492296,Health Centre,MoH
MW000340,339,34.4675004257,-13.7512056973,5.075774865179278,District Hospital,MoH
MW000341,340,33.7633633423999,-13.8929102595,1.1390549008979376,Health Centre,MoH
MW000342,341,34.1017051289,-12.4953643406,1.8184089336962697,Clinic,MoH
MW000343,342,35.5641719784999,-15.453902736099998,3.576970630024204,Health Centre,MoH
MW000344,343,35.0118351241999,-15.746449623,4.124050908343112,Health Centre,FBO
MW000345,344,34.240698469,-13.5134986943,2.7389848722189245,Health Centre,FBO
MW000346,345,35.144306832699996,-16.4870158117,1.7440819146595727,Health Centre,MoH
MW000347,346,33.8074886429999,-13.9929452249,1.0347937074874338,Health Centre,MoH
MW000348,347,35.4790222852,-15.4031309268999,4.425370354897134,Health Centre,MoH
MW000349,348,33.7390703608,-13.8802539376999,0.9877925404163745,Health Centre,FBO
MW000350,349,35.3929716868999,-15.8573399426999,7.072491626062573,Health Centre,FBO
MW000351,350,35.1879005787999,-15.0479861319,4.39992826936935,District Hospital,MoH
MW000352,351,35.2730248450999,-14.2163043748,4.133962807309962,Health Centre,MoH
MW000353,352,33.7637888881,-13.8278417668,5.6182884012787015,Health Centre,FBO
MW000354,353,33.5691582564,-10.011455357,11.225529533885414,Health Centre,MoH
MW000355,354,35.2291818389999,-16.138881003599998,3.56282665324024,Health Centre,FBO
MW000356,355,33.8708106146999,-9.74684209158,2.2890476854831303,Rural Hospital,MoH
MW000357,356,33.5151251883999,-12.906065590799999,5.425314828780586,Health Post/Dispensary,MoH
MW000358,357,33.5599237566,-12.292210723399998,4.607829600979706,Health Post/Dispensary,MoH
MW000359,358,35.0847511198999,-15.837470216400002,1.5775191239810535,Health Centre,MoH
MW000360,359,34.1617573014,-11.5152286864,1.2078273123892476,Health Centre,FBO
MW000361,360,34.160371114,-14.251226796199902,10.753241751317852,Health Centre,FBO
MW000362,361,35.0876186441999,-15.8186670752,0.9554527902126043,Health Centre,MoH
MW000363,362,33.7962769081999,-14.008116138599998,1.82908646689815,Health Centre,MoH
MW000364,363,35.3474552668999,-15.387728828499998,1.3242527272629254,Health Centre,MoH
MW000365,364,33.7728447532999,-14.0221247574,3.446650402069938,District Hospital,MoH
MW000366,365,33.7693434768999,-13.9500784155,1.046878355838088,Health Centre,FBO
MW000367,366,34.4241574429999,-14.3398529015,2.0425350367363184,Health Centre,FBO
MW000368,367,34.5143758864999,-15.5786553943,1.416346773846125,District Hospital,MoH
MW000369,368,35.0197190753999,-15.8172899572,1.1495093406938968,Health Centre,FBO
MW000370,369,35.124644338,-16.555326422,2.612231564737967,Health Centre,FBO
MW000371,370,33.9211218405,-11.6802553582,2.650941518974005,Health Post/Dispensary,MoH
MW000372,371,34.9088909369,-15.560890419100001,3.0561064901214112,Health Centre,MoH
MW000373,372,33.7960422134,-13.7634128091,1.2591840258443368,Health Centre,MoH
MW000374,373,33.8220035952,-13.898441578699998,2.96077073435094,Mission Hospital,FBO
MW000375,374,34.5856950585,-14.3358645722,6.581805589890414,Health Centre,FBO
MW000376,375,33.3974372656999,-13.333144881199999,7.549468376237611,Health Centre,MoH
MW000377,376,35.4163156863999,-14.3283266303999,3.2412974977971154,Health Post/Dispensary,MoH
MW000378,377,35.4892975634,-15.4960954434,4.364439402205179,Mission Hospital,FBO
MW000379,378,33.8406454157999,-13.8732959839,3.4318259185056816,Mission Hospital,FBO
MW000380,379,35.1438918532999,-15.8042569846,2.68266369081245,Mission Hospital,FBO
MW000381,380,33.7302585035999,-13.4664813514,7.350496075394184,Rural Hospital,MoH
MW000382,381,35.088219084,-15.7911421654,3.382969891400993,Health Post/Dispensary,MoH
MW000383,382,35.2860941725,-15.6860655658,3.508851141018874,Health Centre,MoH
MW000384,383,35.1799174479999,-15.0550863082,5.029007064977743,District Hospital,MoH
MW000385,384,33.1547913994999,-13.534082561300002,3.6943219359858808,Mission Hospital,FBO
MW000386,385,35.1865474535999,-14.5112640391,8.926222192214476,Health Centre,FBO
MW000387,386,35.1688347527,-16.3867513972999,3.6010252602698505,Mission Hospital,FBO
MW000388,387,33.7234082441,-14.0164265139,0.9642478992465329,Health Centre,MoH
MW000389,388,34.338323732199996,-13.543293256400002,6.6100288607453574,Health Centre,MoH
MW000390,389,33.9496239274999,-13.357859223599998,3.527701622680047,Health Centre,FBO
MW000391,390,35.072382599099996,-15.786023085,2.8610603656307982,Health Post/Dispensary,MoH
MW000392,391,33.7787276156999,-14.008811553399902,2.0130333073697773,District Hospital,MoH
MW000393,392,35.265056893,-15.5956218408,0.946171656366801,Health Centre,MoH
MW000394,393,35.008194161999995,-15.824299953299999,1.2740163675157974,Health Centre,MoH
MW000395,394,33.5250547443,-13.277968993,2.2529884529318305,Health Centre,FBO
MW000396,395,33.7825004524,-14.0133805015,2.6097163821209017,District Hospital,MoH
MW000397,396,35.0378168555999,-15.8200109692,0.8506258748803558,Health Centre,FBO
MW000398,397,35.1201310164,-15.6541614447,4.291489917482873,Health Centre,MoH
MW000399,398,35.3190527896,-15.4094058427,1.3161629608972556,Central Hospital,MoH
MW000400,399,33.520487403699995,-11.9010507275999,6.957509509108348,District Hospital,MoH
MW000401,400,33.3971728889,-13.434029748099999,3.65717999672881,Health Centre,MoH
MW000402,401,33.7887461576999,-13.9895430420999,1.0270920671884054,Health Centre,MoH
MW000403,402,33.3539940360999,-12.754786969100001,8.927216139902342,Health Centre,MoH
MW000404,403,34.5557243527999,-14.5929864128,3.4032951537067215,Health Post/Dispensary,MoH
MW000405,404,34.3554523398999,-14.0998522699,6.866516996676703,Health Centre,MoH
MW000406,405,33.8072299707,-14.0107036253,1.237630087312609,Clinic,FBO
MW000407,406,33.717844409099996,-14.0116780578999,1.5062360762346867,Health Centre,MoH
MW000408,407,33.5069892161,-11.304352413599998,2.1087506025941747,Health Centre,MoH
MW000409,408,35.1582044282,-14.7325158826,5.502941813113749,Health Post/Dispensary,MoH
MW000410,409,33.7100580179999,-14.0321999191,0.5349876862394994,Mission Hospital,FBO
MW000411,410,33.7841307763999,-14.011814744,2.511712428690665,District Hospital,MoH
MW000412,411,33.7308480028,-13.957878049000001,1.625656867438757,Clinic,FBO
MW000413,412,33.4018094640999,-13.6505329024,3.6690241089974776,Health Centre,MoH
MW000414,413,33.5163477823,-14.0317600372,4.854307885265911,Health Centre,FBO
MW000415,414,33.4311428482999,-12.982738510399999,6.729712206109537,Clinic,MoH
MW000416,415,35.7806855525,-15.6220959199,7.87682549261083,Health Post/Dispensary,MoH
MW000417,416,33.398067296,-13.981565227799999,4.588196293874667,Health Centre,MoH
MW000418,417,33.634839493,-13.432649380199999,1.8303766925911966,Health Centre,MoH
MW000419,418,33.5517922571999,-13.4522734426999,4.3131311759619155,Health Centre,MoH
MW000420,419,33.8225561136,-13.936804455199999,4.017230640582991,Health Post/Dispensary,MoH
MW000421,420,35.1628369339999,-15.656476148599902,2.063521891633616,Health Centre,MoH
MW000422,421,33.7096836651999,-13.764971723099999,7.593868508252659,Health Centre,MoH
MW000423,422,33.7398748307,-13.9759127134,0.8476337095516286,Clinic,FBO
MW000424,423,34.1373377817999,-14.436986653,4.080649686140967,Health Centre,MoH
MW000425,424,33.6219073331999,-13.0857797272,7.286284366489495,Health Post/Dispensary,MoH
MW000426,425,33.7690454817999,-13.939541439099902,1.2673525576242022,Health Centre,MoH
MW000427,426,35.4381216159999,-15.251057102699999,2.776692933224711,Health Centre,MoH
MW000428,427,33.8060007317999,-14.012788840899999,1.4512993333591762,Clinic,FBO
MW000429,428,33.6816885279,-13.9738606247,3.94774963768356,Health Centre,MoH
MW000430,429,35.5191845916,-16.0277542673999,1.2740549651225084,District Hospital,MoH
MW000431,430,33.6691009947999,-13.6364207271,5.717244509811635,Health Centre,MoH
MW000432,431,35.2179249974999,-16.1875364204,5.879355200409726,Health Centre,MoH
MW000433,432,33.7946531548999,-13.9925001824,0.3730691147855916,Health Centre,MoH
MW000434,433,35.15538877,-14.825775533,4.223283780806258,Health Post/Dispensary,MoH
MW000435,434,35.2052275886999,-15.540762130799902,1.9944232952161633,Health Centre,MoH
MW000436,435,33.839835263699996,-13.637793459199901,4.279332237923999,Clinic,MoH
MW000437,436,34.917243435399996,-15.088378455999901,3.8128443539796053,Health Centre,FBO
MW000438,437,33.0203273806,-9.58261072346999,12.896299042954814,Health Centre,MoH
MW000439,438,33.5598188759,-11.60350842,1.137938479826429,Health Centre,MoH
MW000440,439,35.5503539727,-14.560261495299999,3.6952507249458577,Health Post/Dispensary,MoH
MW000441,440,33.8086370775,-13.988971703599999,1.1873573322443218,Health Centre,MoH
MW000442,441,35.023768142,-13.6781310865,4.814078854246602,Health Centre,MoH
MW000443,442,33.649866408899996,-13.2048642306,8.981037563746186,Health Centre,MoH
MW000444,443,33.7134517041999,-13.2538622771,4.214590187859319,Health Centre,MoH
MW000445,444,33.4936015262999,-12.612836805599999,4.4465079746937475,Rural Hospital,MoH
MW000446,445,33.7303595404,-14.1489135174,6.134889295198857,Clinic,MoH
MW000447,446,35.1223285921999,-15.6985124777,4.649118973041182,Health Post/Dispensary,NGO
MW000448,447,33.5820096611,-11.5033034544999,3.6812387261912582,Health Centre,MoH
MW000449,448,33.7276264321,-13.8183373248,6.708283752402303,Health Centre,FBO
MW000450,449,34.0322832089999,-13.6663577265999,4.435468534060376,Health Centre,MoH
MW000451,450,33.8741195336999,-9.80122736232,3.761373297888055,Rural Hospital,MoH
MW000452,451,34.4254916108,-13.756125678399998,0.7403739119571869,District Hospital,MoH
MW000453,452,35.3579688554999,-15.2834490699,1.7566733370260044,Health Post/Dispensary,FBO
MW000454,453,33.5898399334,-13.0203383576,8.94017721510061,Health Centre,FBO
MW000455,454,33.7523841873999,-13.896055677,2.3009039697854714,Health Centre,FBO
MW000456,455,33.6533066042999,-13.6925674679,9.218658918793935,Health Centre,MoH
MW000457,456,33.7918507163999,-13.887010460999901,2.031455226251707,Health Centre,MoH
MW000458,457,34.1218422717999,-13.923805561199998,1.407190763347331,Health Centre,MoH
MW000459,458,34.267239644899995,-14.116253155499999,2.618441445330998,Health Centre,MoH
MW000460,459,35.2850349926999,-16.8285002898999,9.976549043044033,Health Centre,MoH
MW000461,460,35.1046036979999,-15.792196592,4.3518282339770264,Health Centre,MoH
MW000462,461,34.1727778893,-14.249555725699999,11.827372387344697,Health Centre,FBO
MW000463,462,34.8410555573,-15.3820575268,9.453525401536732,Health Centre,MoH
MW000464,463,35.2235797534,-15.759669305799902,2.8149087100569163,Health Centre,MoH
MW000465,464,32.9406794034999,-13.524163016099902,2.4322090115043613,Health Centre,MoH
MW000466,465,33.8442517581,-13.427762516400001,1.2021417586675747,Health Centre,MoH
MW000467,466,35.1581696658999,-16.1445159471999,6.004692626368236,Mission Hospital,FBO
MW000468,467,33.791284767,-13.9873385387,0.8694942581188623,Health Centre,MoH
MW000469,468,35.0142093101,-15.8203495402,1.7320602306350934,Health Centre,MoH
MW000470,469,35.051416278699996,-15.7980333544999,1.9125108018075225,Health Post/Dispensary,MoH
MW000471,470,33.7832004947999,-13.5804241803,7.2406937229959265,Rural Hospital,MoH
MW000472,471,33.6853820652,-12.4786275174,4.909461990445154,Health Centre,MoH
MW000473,472,33.722590487199994,-14.0124495064999,0.9875793144662964,Health Centre,MoH
MW000474,473,34.005911429099996,-14.361860218699999,7.77626837743547,Health Centre,MoH
MW000475,474,35.0807248528,-15.7805223484,3.781544136148498,Health Post/Dispensary,MoH
MW000476,475,35.0470332968999,-15.8488457004,3.931869137018619,Health Centre,FBO
MW000477,476,34.5949991482999,-14.231150693599998,5.8912118050682,Health Centre,FBO
MW000478,477,33.8706341098,-13.542946266500001,3.072886843841203,Health Centre,MoH
MW000479,478,35.4760959592,-14.253828087899999,1.8816623624640063,Health Centre,FBO
MW000480,479,33.7227292079999,-14.0147901952,0.9849330821650687,Health Centre,MoH
MW000481,480,33.484939791799995,-12.4989997499999,7.627052928629365,Mission Hospital,FBO
MW000482,481,33.3745008097999,-11.8309397738,1.7830238024870488,Health Centre,MoH
MW000483,482,33.8927604025999,-11.257176906,4.548869284223807,Health Centre,MoH
MW000484,483,33.8096938329,-13.979472651099998,1.8486123544294701,Health Centre,MoH
MW000485,484,33.798295209,-14.1804295480999,2.274897977525522,Clinic,MoH
MW000486,485,33.7101409375,-10.3805908537999,8.063996642606332,Health Centre,MoH
MW000487,486,33.7982733686,-13.9875127276,0.46090452529064635,Health Centre,MoH
MW000488,487,34.9830505122999,-15.764417530799902,0.7773393998240088,Health Centre,MoH
MW000489,488,34.970864544899996,-15.6775586284,0.5310788913201508,Health Centre,MoH
MW000490,489,35.0954001214999,-15.84412297,2.756891934703495,Health Centre,MoH
MW000491,490,35.0260453592999,-15.7729611088,1.5841181487852323,Health Centre,MoH
MW000492,491,34.862899078299996,-16.2632931049,0.9727967464879401,Mission Hospital,FBO
MW000493,492,33.2058859937,-13.8091927831,3.652183969921787,Health Centre,MoH
MW000494,493,33.9823940965999,-13.857769151399902,5.781066777688608,Health Centre,MoH
MW000495,494,35.82954671,-14.657127443599999,6.261521707220207,Health Centre,MoH
MW000496,495,35.0103508019999,-15.7628555076999,3.2290721820854116,Health Centre,MoH
MW000497,496,34.0824872934,-14.214644733499998,4.654886490284409,Health Centre,MoH
MW000498,497,33.7973364503,-13.974603075999902,1.2648693160040458,Central Hospital,MoH
MW000499,498,34.6802544775,-15.0089834223,5.011330695647224,Health Centre,MoH
MW000500,499,35.2610315207,-16.9375991757,2.206671175015383,District Hospital,MoH
